nhs,date_signed
NHS001,04.11.2023
NHS002,04.11.2023
NHS003,04.11.2023
NHS004,04.11.2023
NHS005,04.11.2023
NHS006,04.11.2023
NHS007,04.11.2023
NHS008,04.11.2023
NHS009,04.11.2023
NHS010,04.11.2023
NHS011,04.11.2023
NHS012,04.11.2023
NHS013,04.11.2023
NHS014,04.11.2023
NHS015,04.11.2023
NHS016,04.11.2023
NHS017,04.11.2023
NHS018,04.11.2023
NHS019,04.11.2023
NHS021,04.11.2023
NHS022,07.11.2023
NHS023,03.11.2023
NHS024,04.11.2023
NHS025,01.11.2023
NHS026,04.11.2023
NHS027,01.11.2023
NHS028,01.11.2023
NHS029,01.11.2023
NHS030,01.11.2023
NHS031,01.11.2023
NHS032,01.11.2023
NHS033,01.11.2023
NHS034,01.11.2023
NHS035,04.11.2023
NHS036,05.11.2023
NHS038,01.11.2023
NHS039,01.11.2023
NHS040,01.11.2023
NHS041,01.11.2023
NHS042,01.11.2023
NHS043,01.11.2023
NHS044,05.11.2023
NHS045,01.04.2023
NHS046,01.11.2023
NHS047,01.11.2023
NHS048,01.11.2023
NHS050,07.11.2023
NHS051,01.11.2023
NHS052,"01.11,2023"
NHS053,01.11.2023
NHS054,01.11.2023
NHS055,07.11.2023
NHS056,01.11.2023
NHS057,05.11.2023
NHS058,01.11.2023
NHS059,01.11.2023
NHS060,01.11.2023
NHS061,01.11.2023
NHS062,07.11.2023
NHS063,01.11.2023
NHS064,01.11.2023
NHS066,01.11.2023
NHS067,05.11.2023
NHS068,31.10.2023
NHS069,31.10.2023
NHS070,01.11.2023
NHS071,08.11.2023
NHS072,08.11.2023
NHS073,02.11.2023
NHS074,01.11.2023
NHS075,31.10.2023
NHS076,"31,10,2023"
NHS077,"01.11,2023"
NHS078,11.12.2023 
NHS079,31.10.2023
NHS080,31.10.2023
NHS081,01.11.2023
NHS082,31.10.2023
NHS083,05.11.2023
NHS084,31.10.2023
NHS086,"01,11,2023"
NHS087,31.10.2023
NHS088,31.10.2023
NHS089,31.10.2023
NHS091,31.10.2023
NHS092,31.10.2023
NHS093,01.11.2023
NHS094,01.11.2023
NHS096,02.11.2023
NHS097,01.11.2023
NHS098,02.11.2023
NHS099,01.11.2023
NHS101,"01.11,2023"
NHS102,08.11.2023
NHS103,01.11.2023
NHS104,01.11.2023
NHS105,08.11.2023
NHS106,01.11.2023
NHS107,02.11.2023
NHS108,02.11.2023
NHS109,02.11.2023
NHS110,"08.11,2023"
NHS112,06.11.2023
NHS113,06.11.2023
NHS114,01.11.2023
NHS116,01.11.2023
NHS117,01.11.2023
NHS118,01.11.2023
NHS119,01.11.2023
NHS120,"01.11,2023"
NHS121,"01.11,2023"
NHS122,01.11.2023
NHS123,02.11.2023
NHS124,02.11.2023
NHS125,"01.11,2023"
NHS126,01.11.2023
NHS127,06.11.2023
NHS128,08.11.2023
NHS129,02.11.2023
NHS130,01.11.2023
NHS132,06.11.2023
NHS133,06.11.2023
NHS134,02.11.2023
NHS135,01.11.2023
NHS136,06.11.2023
NHS137,01.11.2023
NHS138,08.11.2023
NHS140,02.11.2023
NHS141,08.11.2023
NHS142,06.11.2023
NHS144,03.11.2023
NHS145,08.11.2023
NHS146,02.11.2023
NHS147,01.11.2023
NHS148,31.10.2023
NHS149,02.11.2023
NHS150,02.11.2023
NHS153,08.11.2023
NHS155,05.11.2023
NHS156,"01,11,2023"
NHS157,01.11.2023 
NHS160,02.11.2023
NHS161,06.11.2023
NHS162,02.11.2023
NHS163,"03.11,2023"
NHS164,03.11.2023
NHS165,03.11.2023
NHS166,03.11.2023
NHS167,03.11.2023
NHS168,03.11.2023
NHS169,03.11.2023
NHS170,03.11.2023
NHS171,03.11.2023
NHS172,03.11.2023
NHS173,07.11.2023
NHS174,03.11.2023
NHS175,07.11.2023
NHS176,03.11.2023
NHS177,07.11.2023
NHS178,03.11.2023
NHS179,07.11.2023
NHS180,03.11.2023
NHS181,07.11.2023
NHS182,03.11.2023
NHS183,03.11.2023
NHS184,07.11.2023
NHS185,03.11.2023
NHS186,"07.11,2023"
NHS187,03.11.2023
NHS188,03.11.2023
NHS189,03.11.2023
NHS190,03.11.2023
NHS192,03.11.2023
NHS193,03.11.2023
NHS194,03.11.2023
NHS195,03.11.2023
NHS196,31.11.2023
NHS197,"07.11,2023"
NHS198,07.11.2023
NHS200,"31,10.2023"
NHS201,31.10.2023
NHS202,02.11.2023
NHS203,04.11.2023
NHS204,"07.11,2023"
NHSU100,06.11.2023
NHSU101,06.11.2023
NHSU103,03.11.2023
NHSU104,03.11.2023
NHSU105,06.11.2023
NHSU106,03.11.2023
NHSU107,03.11.2023
NHSU108,07.11.2023
NHSU116,01.11.2023
NHSU117,06.11.2023
NHSU118,01.11.2023
NHSU121,07.11.2023
NHSU122,07.11.2023
NHSU128,08.11.2023
NHSU131,04.11.2023
NHSU132,04.11.2023
